{"main":"customer-xpapi-raml.raml","name":"customer-xpapi-raml","classifier":"raml","tags":[],"dependencies":[{"groupId":"31beff97-c9ac-4e25-8083-c5843572e7d5","assetId":"common-fragments","version":"1.0.6"}],"groupId":"31beff97-c9ac-4e25-8083-c5843572e7d5","organizationId":"31beff97-c9ac-4e25-8083-c5843572e7d5","assetId":"customer-xpapi-raml","version":"1.0.1","apiVersion":"v1","originalFormatVersion":"1.0","metadata":{"projectId":"5685abb1-af1a-46f1-8317-ac5db53581d4","branchId":"master","commitId":"43a778e8a6234b7ce9cfab3cf485a30f4ed704a1"}}