{"main":"common-fragments.raml","name":"common-fragments","classifier":"raml-fragment","tags":[],"groupId":"31beff97-c9ac-4e25-8083-c5843572e7d5","organizationId":"31beff97-c9ac-4e25-8083-c5843572e7d5","assetId":"common-fragments","version":"1.0.6","apiVersion":"v1","originalFormatVersion":"1.0","dependencies":[{"groupId":"31beff97-c9ac-4e25-8083-c5843572e7d5","assetId":"common-fragments","version":"1.0.0"}],"metadata":{"projectId":"e2fa4be6-eca8-40c1-87d4-8320a0f33824","branchId":"master","commitId":"7f154dd8cea536e60b7e3befdead247917615a01"}}